{"loss":{"0":1.1833871603,"1":1.1278465986,"2":1.0953096151,"3":1.0592159033,"4":1.0233505964,"5":0.9942011237,"6":0.9550461173,"7":0.9347931743,"8":0.8943319917,"9":0.8582252264,"10":0.811249733,"11":0.8000944853,"12":0.7534039617,"13":0.7341332436,"14":0.7292381525,"15":0.6837348342,"16":0.6637714505,"17":0.6360316873,"18":0.6245486736,"19":0.6016013026,"20":0.5820548534,"21":0.5528188348,"22":0.546469748,"23":0.518471539,"24":0.4956679642,"25":0.4781380594,"26":0.4595281184,"27":0.4434159398,"28":0.4223707616,"29":0.4067931175},"accuracy":{"0":0.5262164474,"1":0.5456889272,"2":0.5549877882,"3":0.5722506046,"4":0.5847258568,"5":0.5984440446,"6":0.6183307767,"7":0.6274455786,"8":0.6444782019,"9":0.6615108252,"10":0.6806150079,"11":0.6896377206,"12":0.7062100172,"13":0.717120111,"14":0.725037992,"15":0.7307001948,"16":0.7434516549,"17":0.7596096396,"18":0.7614049911,"19":0.7693688869,"20":0.7769644856,"21":0.7906366587,"22":0.7940891981,"23":0.803065896,"24":0.8142982125,"25":0.8198223114,"26":0.8294434547,"27":0.835750103,"28":0.844450593,"29":0.8507572412},"val_loss":{"0":0.9875584245,"1":0.9372130632,"2":0.9428637028,"3":0.8930661082,"4":0.9209865332,"5":0.8275886178,"6":0.8393264413,"7":0.8169528246,"8":0.7711500525,"9":0.8149785399,"10":0.7619408369,"11":0.7575711608,"12":0.7905039787,"13":0.7594827414,"14":0.7839351892,"15":0.804918766,"16":0.7412315607,"17":0.7464764118,"18":0.7625617981,"19":0.7414165735,"20":0.7361184359,"21":0.7652441859,"22":0.7671393156,"23":0.7986014485,"24":0.7696985006,"25":0.7977305055,"26":0.7523089051,"27":0.8190467358,"28":0.8497707844,"29":0.8257810473},"val_accuracy":{"0":0.5860036612,"1":0.6209944487,"2":0.6268876791,"3":0.6489871144,"4":0.6370165944,"5":0.6788213849,"6":0.6933701634,"7":0.6970534325,"8":0.7106813788,"9":0.7136279941,"10":0.7267035246,"11":0.7314916849,"12":0.7267035246,"13":0.7379373908,"14":0.7270718217,"15":0.7460405231,"16":0.7504603863,"17":0.757642746,"18":0.7541436553,"19":0.759668529,"20":0.764456749,"21":0.7558010817,"22":0.762799263,"23":0.7651933432,"24":0.7712706923,"25":0.7714548707,"26":0.7744014859,"27":0.7736648321,"28":0.7734806538,"29":0.7773480415},"lr":{"0":0.0001,"1":0.0001,"2":0.0001,"3":0.0001,"4":0.0001,"5":0.0001,"6":0.0001,"7":0.0001,"8":0.0001,"9":0.0001,"10":0.0001,"11":0.0001,"12":0.0001,"13":0.0001,"14":0.0001,"15":0.0001,"16":0.0001,"17":0.0001,"18":0.0001,"19":0.0001,"20":0.0001,"21":0.0001,"22":0.0001,"23":0.0001,"24":0.0001,"25":0.0001,"26":0.0001,"27":0.0001,"28":0.0001,"29":0.0001}}