{"loss":{"0":0.8755099773,"1":0.7915169001,"2":0.738145709,"3":0.7071229219,"4":0.6707617044,"5":0.6540078521,"6":0.6356070638,"7":0.6157587171,"8":0.5891836882,"9":0.586640656,"10":0.5442572236,"11":0.516666472,"12":0.5022113323,"13":0.4886755943,"14":0.4703202844,"15":0.4653754234,"16":0.453025341,"17":0.4416176379,"18":0.423099488,"19":0.419208616,"20":0.3855733871,"21":0.3758386374,"22":0.3674376011,"23":0.3474864066,"24":0.3441025615,"25":0.3357241452,"26":0.3341930211,"27":0.3123957813,"28":0.3078009188,"29":0.2855627239},"accuracy":{"0":0.6725590229,"1":0.7029876113,"2":0.7244395614,"3":0.7352115512,"4":0.7487915754,"5":0.7564332485,"6":0.7625558376,"7":0.772038877,"8":0.7823965549,"9":0.7829949856,"10":0.8005340099,"11":0.8089122176,"12":0.8139759898,"13":0.8220779896,"14":0.8296735883,"15":0.8285688162,"16":0.833724618,"17":0.8391566277,"18":0.8457855582,"19":0.8485936522,"20":0.8606085777,"21":0.861805439,"22":0.866915226,"23":0.8741425872,"24":0.8753855228,"25":0.8783317208,"26":0.8793904781,"27":0.8884131908,"28":0.8883671761,"29":0.8999217153},"val_loss":{"0":0.7474642396,"1":0.7033937573,"2":0.7094285488,"3":0.6448624134,"4":0.67708534,"5":0.626537919,"6":0.6105495095,"7":0.6328125596,"8":0.6263763309,"9":0.6574927568,"10":0.5785505176,"11":0.5951832533,"12":0.6018667221,"13":0.5659286976,"14":0.5816717148,"15":0.5684945583,"16":0.5478080511,"17":0.5942701697,"18":0.58466959,"19":0.5811234117,"20":0.5817643404,"21":0.5718392134,"22":0.560495317,"23":0.589627862,"24":0.5672446489,"25":0.5577930212,"26":0.587507844,"27":0.5651471615,"28":0.5918763876,"29":0.5769401193},"val_accuracy":{"0":0.7204419971,"1":0.733517468,"2":0.7386740446,"3":0.7618784308,"4":0.7443830371,"5":0.7699815631,"6":0.7769797444,"7":0.7666666508,"8":0.7729281783,"9":0.7648250461,"10":0.7977900505,"11":0.7922651768,"12":0.7937384844,"13":0.8022099733,"14":0.7968692183,"15":0.8011049628,"16":0.8132596612,"17":0.8029465675,"18":0.792081058,"19":0.8068140149,"20":0.8117863536,"21":0.8104972243,"22":0.8189687133,"23":0.8119705319,"24":0.8189687133,"25":0.8230202794,"26":0.8186003566,"27":0.8184161782,"28":0.8198894858,"29":0.8235727549},"lr":{"0":0.0001,"1":0.0001,"2":0.0001,"3":0.0001,"4":0.0001,"5":0.0001,"6":0.0001,"7":0.0001,"8":0.0001,"9":0.0001,"10":0.00005,"11":0.00005,"12":0.00005,"13":0.00005,"14":0.00005,"15":0.00005,"16":0.00005,"17":0.00005,"18":0.00005,"19":0.00005,"20":0.000025,"21":0.000025,"22":0.000025,"23":0.000025,"24":0.000025,"25":0.000025,"26":0.000025,"27":0.000025,"28":0.000025,"29":0.0000125}}