{"loss":{"0":1.2485789061,"1":1.1260885,"2":1.0881254673,"3":0.9490531087,"4":0.9156125784,"5":0.8723575473,"6":0.8406872153,"7":0.8245317936,"8":0.8088126183,"9":0.7830480337,"10":0.7693532109,"11":0.7463023663,"12":0.7275101542,"13":0.7150705457,"14":0.6985131502,"15":0.6759389043,"16":0.8153406382,"17":0.6642846465,"18":0.5968452096,"19":0.5825560689,"20":0.5656337142,"21":0.5422543287,"22":0.5131974816,"23":0.4954101145,"24":0.4777752161,"25":0.4725421965,"26":0.4578754604,"27":0.4456031024,"28":0.4337207079,"29":0.4272797406},"accuracy":{"0":0.5314183235,"1":0.5671408176,"2":0.5792938471,"3":0.6333839893,"4":0.6465957761,"5":0.6652396321,"6":0.6741702557,"7":0.6855866909,"8":0.6936886907,"9":0.706394136,"10":0.711227715,"11":0.7204806209,"12":0.7277539968,"13":0.7347511649,"14":0.7413800955,"15":0.7496201992,"16":0.6957142353,"17":0.7556967139,"18":0.7810155153,"19":0.7891635299,"20":0.7938590646,"21":0.8020991683,"22":0.8148506284,"23":0.8217096925,"24":0.8277401924,"25":0.8294434547,"26":0.8339548111,"27":0.8364866972,"28":0.8432997465,"29":0.848915875},"val_loss":{"0":1.5427167416,"1":1.3427581787,"2":0.9778712392,"3":1.1678781509,"4":0.9026646018,"5":1.1964821815,"6":1.0485255718,"7":0.8641372323,"8":0.8518181443,"9":0.9621883035,"10":0.8403711319,"11":0.8239558339,"12":1.0011450052,"13":0.7354744673,"14":0.7161538601,"15":1.1947873831,"16":0.7500190735,"17":0.730809629,"18":0.7196110487,"19":0.9402896166,"20":0.7044787407,"21":0.7850307226,"22":0.6714400649,"23":0.6698188186,"24":0.6818315983,"25":0.6392890811,"26":0.6758133769,"27":0.6474493742,"28":0.6091781855,"29":0.6756411791},"val_accuracy":{"0":0.4928176701,"1":0.4979742169,"2":0.6114180684,"3":0.6071823239,"4":0.6489871144,"5":0.5471454859,"6":0.6127071977,"7":0.6624309421,"8":0.679189682,"9":0.6710865498,"10":0.6801105142,"11":0.6874769926,"12":0.663535893,"13":0.7331491709,"14":0.7379373908,"15":0.6064456701,"16":0.7281767726,"17":0.7267035246,"18":0.7370165586,"19":0.6887661219,"20":0.7377532125,"21":0.7156537771,"22":0.7598526478,"23":0.7626150846,"24":0.7602210045,"25":0.7707182169,"26":0.7637200952,"27":0.772744,"28":0.7837937474,"29":0.7640883923},"lr":{"0":0.0001,"1":0.0001,"2":0.0001,"3":0.0001,"4":0.0001,"5":0.0001,"6":0.0001,"7":0.0001,"8":0.0001,"9":0.0001,"10":0.0001,"11":0.0001,"12":0.0001,"13":0.0001,"14":0.0001,"15":0.0001,"16":0.0001,"17":0.0001,"18":0.00005,"19":0.00005,"20":0.00005,"21":0.00005,"22":0.000025,"23":0.000025,"24":0.000025,"25":0.000025,"26":0.000025,"27":0.000025,"28":0.000025,"29":0.000025}}