{"loss":{"0":1.2941615582,"1":1.0463819504,"2":0.9229289293,"3":0.848981142,"4":0.7749211788,"5":0.7334288359,"6":0.6775299311,"7":0.6342284083,"8":0.5897110701,"9":0.5496646166,"10":0.521274507,"11":0.4867788553,"12":0.4525735676,"13":0.4189612269,"14":0.3872087598,"15":0.3632507622,"16":0.3549407423,"17":0.3219346702,"18":0.3065536022,"19":0.2935994267,"20":0.2680391073,"21":0.2704491317,"22":0.2066221833,"23":0.1854659319,"24":0.167136848,"25":0.1589297354,"26":0.1583202779,"27":0.1460317075,"28":0.1433044225,"29":0.1190756634},"accuracy":{"0":0.5060535073,"1":0.5979376435,"2":0.6531786323,"3":0.6849882603,"4":0.7121944427,"5":0.7322653532,"6":0.7504948378,"7":0.769230783,"8":0.7876444459,"9":0.7983243465,"10":0.8156792521,"11":0.8278782964,"12":0.8374073505,"13":0.8497444987,"14":0.8613911271,"15":0.8696312904,"16":0.8740044832,"17":0.8893339038,"18":0.8925102353,"19":0.8978962302,"20":0.9070109725,"21":0.9064125419,"22":0.9277724028,"23":0.9357362986,"24":0.9419509172,"25":0.9444828033,"26":0.945863843,"27":0.9481655359,"28":0.9488560557,"29":0.9583390951},"val_loss":{"0":0.9850316048,"1":0.8709369302,"2":0.8313118815,"3":0.7762616277,"4":0.7457603812,"5":0.7608707547,"6":0.7030851245,"7":0.6932643056,"8":0.6982111931,"9":0.6780692339,"10":0.7009838223,"11":0.69553864,"12":0.7613855004,"13":0.6850444674,"14":0.7419669032,"15":0.7011104822,"16":0.7508624792,"17":0.7966579199,"18":0.7598801851,"19":0.7776055932,"20":0.8668118119,"21":0.8503225446,"22":0.8174319863,"23":0.8314225674,"24":0.8941679001,"25":0.9008790851,"26":0.8378418684,"27":0.9237947464,"28":0.915599525,"29":0.8914092183},"val_accuracy":{"0":0.6138121486,"1":0.660405159,"2":0.6681399345,"3":0.6941068172,"4":0.7143646479,"5":0.721546948,"6":0.7322283387,"7":0.7456721663,"8":0.7535911798,"9":0.7556169629,"10":0.7657458782,"11":0.7710865736,"12":0.757642746,"13":0.7793738246,"14":0.7729281783,"15":0.7817679644,"16":0.7751381397,"17":0.7788213491,"18":0.7882136106,"19":0.78471452,"20":0.776427269,"21":0.7850828767,"22":0.8034991026,"23":0.7988950014,"24":0.7959484458,"25":0.8073664904,"26":0.8047882318,"27":0.8068140149,"28":0.804051578,"29":0.8149171472},"lr":{"0":0.0001,"1":0.0001,"2":0.0001,"3":0.0001,"4":0.0001,"5":0.0001,"6":0.0001,"7":0.0001,"8":0.0001,"9":0.0001,"10":0.0001,"11":0.0001,"12":0.0001,"13":0.0001,"14":0.0001,"15":0.0001,"16":0.0001,"17":0.0001,"18":0.0001,"19":0.0001,"20":0.0001,"21":0.0001,"22":0.00005,"23":0.00005,"24":0.00005,"25":0.00005,"26":0.00005,"27":0.00005,"28":0.00005,"29":0.000025}}